{"path":"vegetaKiBlast_back.png","spriteNumber":3,"spriteSizeX":247,"spriteSizeY":247,"sprites":[{"SpritePosX":0,"SpritePosY":0,"SpriteSizeX":247,"SpriteSizeY":247,"BodyPosX":3.9534873962402344,"BodyPosY":182.7906494140625,"BodySizeX":29.302318572998047,"BodySizeY":25.348831176757812,"rectangles":[]},{"SpritePosX":247,"SpritePosY":0,"SpriteSizeX":247,"SpriteSizeY":247,"BodyPosX":5.7906341552734375,"BodyPosY":188.60459899902344,"BodySizeX":25.813949584960938,"BodySizeY":26.744186401367188,"rectangles":[]},{"SpritePosX":494,"SpritePosY":0,"SpriteSizeX":247,"SpriteSizeY":247,"BodyPosX":3.20916748046875,"BodyPosY":197.6743621826172,"BodySizeX":9.7674560546875,"BodySizeY":8.837203979492188,"rectangles":[]}]}