{"path":"vegetaKiBlast_head.png","spriteNumber":1,"spriteSizeX":247,"spriteSizeY":247,"sprites":[{"SpritePosX":0,"SpritePosY":0,"SpriteSizeX":247,"SpriteSizeY":247,"BodyPosX":0.6741571426391602,"BodyPosY":170.78646850585938,"BodySizeX":83.37076568603516,"BodySizeY":51.91009521484375,"rectangles":[{"type":"attackBody","posX":2.471909523010254,"posY":181.12355041503906,"sizeX":79.32582,"sizeY":39.999985}]}]}