{"path":"gokuHandATTACK3.png","spriteNumber":2,"spriteSizeX":65,"spriteSizeY":70,"sprites":[{"centerX":32.5,"centerY":35,"posX":0,"posY":0,"sizeX":65,"sizeY":70,"rectangles":[{"type":"defenseBody","posX":1.2941182851791382,"posY":66.47061920166016,"sizeX":4.47059,"sizeY":2.4705887},{"type":"defenseBody","posX":31.294132232666016,"posY":66.11767578125,"sizeX":7.7647095,"sizeY":2}]},{"centerX":32.5,"centerY":35,"posX":65,"posY":0,"sizeX":65,"sizeY":70,"rectangles":[{"type":"defenseBody","posX":2.1764984130859375,"posY":66.47061920166016,"sizeX":5.647064,"sizeY":2.4705887},{"type":"defenseBody","posX":34.64710235595703,"posY":66.11767578125,"sizeX":8.705887,"sizeY":2}]}]}