{"path":"gokuHandATTACK2.png","spriteNumber":2,"spriteSizeX":65,"spriteSizeY":70,"sprites":[{"centerX":32.5,"centerY":35,"posX":0,"posY":0,"sizeX":65,"sizeY":70,"rectangles":[{"type":"defenseBody","posX":2.1250014305114746,"posY":66.25004577636719,"sizeX":5.750004,"sizeY":2.625},{"type":"defenseBody","posX":32.875022888183594,"posY":65.87504577636719,"sizeX":9.500004,"sizeY":2.125}]},{"centerX":32.5,"centerY":35,"posX":65,"posY":0,"sizeX":65,"sizeY":70,"rectangles":[{"type":"defenseBody","posX":1.0000457763671875,"posY":66.25004577636719,"sizeX":4.875,"sizeY":2.625},{"type":"defenseBody","posX":31.25006103515625,"posY":65.87504577636719,"sizeX":7.8750076,"sizeY":2.125}]}]}