{"path":"gokuBLOCK.png","spriteNumber":1,"spriteSizeX":45,"spriteSizeY":70,"sprites":[{"centerX":22.5,"centerY":35,"posX":0,"posY":0,"sizeX":45,"sizeY":70,"rectangles":[{"type":"defenseBody","posX":1.8421064615249634,"posY":65.6579360961914,"sizeX":7.763163,"sizeY":3.157898},{"type":"defenseBody","posX":34.47370529174805,"posY":65.26319885253906,"sizeX":9.210533,"sizeY":2.236847}]}]}