{"path":"gokuHandATTACK1.png","spriteNumber":2,"spriteSizeX":65,"spriteSizeY":70,"sprites":[{"centerX":32.5,"centerY":35,"posX":0,"posY":0,"sizeX":65,"sizeY":70,"rectangles":[{"type":"defenseBody","posX":1.4084515571594238,"posY":66.76060485839844,"sizeX":7.4647937,"sizeY":2.394371},{"type":"defenseBody","posX":35.0704460144043,"posY":65.21131134033203,"sizeX":8.732399,"sizeY":2.9577484}]},{"centerX":32.5,"centerY":35,"posX":65,"posY":0,"sizeX":65,"sizeY":70,"rectangles":[{"type":"defenseBody","posX":1.478912353515625,"posY":65.77468872070312,"sizeX":8.028175,"sizeY":2.9577484},{"type":"defenseBody","posX":35.563446044921875,"posY":65.21131134033203,"sizeX":7.8873215,"sizeY":2.5352097}]}]}