{"path":"gokuDEF.png","spriteNumber":2,"spriteSizeX":46,"spriteSizeY":70,"sprites":[{"centerX":23,"centerY":35,"posX":0,"posY":0,"sizeX":46,"sizeY":70,"rectangles":[{"type":"defenseBody","posX":1.6923086643218994,"posY":66.00003814697266,"sizeX":6.9230814,"sizeY":2.615387},{"type":"defenseBody","posX":35.69232940673828,"posY":64.9231185913086,"sizeX":8.461544,"sizeY":2.6153793}]},{"centerX":23,"centerY":35,"posX":46,"posY":0,"sizeX":46,"sizeY":70,"rectangles":[{"type":"defenseBody","posX":1.3846435546875,"posY":66.00003814697266,"sizeX":7.076927,"sizeY":2.615387},{"type":"defenseBody","posX":34.3077392578125,"posY":65.38465118408203,"sizeX":8.615387,"sizeY":2.1538467}]}]}