{"path":"gokuBlock.png","spriteNumber":1,"spriteSizeX":247,"spriteSizeY":0,"sprites":[{"SpritePosX":0,"SpritePosY":0,"SpriteSizeX":247,"SpriteSizeY":247,"BodyPosX":0.2597401738166809,"BodyPosY":139.22073364257812,"BodySizeX":90.12984466552734,"BodySizeY":107.272705078125,"rectangles":[{"type":"blockBody","posX":23.85541534423828,"posY":160.9638214111328,"sizeX":43.855408,"sizeY":59.999985},{"type":"blockBody","posX":0.9638552069664001,"posY":223.61439514160156,"sizeX":86.02408,"sizeY":22.650604}]}]}