{"path":"gokuTouchedProjected.png","spriteNumber":1,"spriteSizeX":0,"spriteSizeY":0,"sprites":[{"SpritePosX":0,"SpritePosY":0,"SpriteSizeX":247,"SpriteSizeY":247,"BodyPosX":0.1869158297777176,"BodyPosY":137.57005310058594,"BodySizeX":102.24295806884766,"BodySizeY":109.34574890136719,"rectangles":[{"type":"defenseBody","posX":44.859798431396484,"posY":143.5513458251953,"sizeX":18.130833,"sizeY":37.19626},{"type":"defenseBody","posX":3.2558131217956543,"posY":158.13949584960938,"sizeX":41.627895,"sizeY":88.60463},{"type":"defenseBody","posX":46.279056549072266,"posY":190.69761657714844,"sizeX":54.65115,"sizeY":38.139526}]}]}