{"path":"gokuTouchedMedium.png","spriteNumber":1,"spriteSizeX":247,"spriteSizeY":247,"sprites":[{"SpritePosX":0,"SpritePosY":0,"SpriteSizeX":247,"SpriteSizeY":247,"BodyPosX":0,"BodyPosY":128.5148162841797,"BodySizeX":88.11878204345703,"BodySizeY":118.41580200195312,"rectangles":[{"type":"defenseBody","posX":0.792078971862793,"posY":208.71279907226562,"sizeX":24.15841,"sizeY":38.21782},{"type":"defenseBody","posX":54.05938720703125,"posY":209.5048828125,"sizeX":29.900978,"sizeY":34.653458},{"type":"defenseBody","posX":4.158414363861084,"posY":170.69300842285156,"sizeX":72.079185,"sizeY":29.702972},{"type":"defenseBody","posX":13.267322540283203,"posY":142.97024536132812,"sizeX":29.702961,"sizeY":26.930695}]}]}