{"path":"kiExplose.png","spriteNumber":4,"spriteSizeX":247,"spriteSizeY":247,"sprites":[{"SpritePosX":0,"SpritePosY":0,"SpriteSizeX":247,"SpriteSizeY":247,"BodyPosX":45.76270294189453,"BodyPosY":108.47455596923828,"BodySizeX":164.7457275390625,"BodySizeY":135.25421142578125,"rectangles":[{"type":"attackBody","posX":48.13558578491211,"posY":110.8474349975586,"sizeX":159.99997,"sizeY":130.50845}]},{"SpritePosX":247,"SpritePosY":0,"SpriteSizeX":247,"SpriteSizeY":247,"BodyPosX":9.9490966796875,"BodyPosY":57.288124084472656,"BodySizeX":233.55929565429688,"BodySizeY":188.81353759765625,"rectangles":[{"type":"attackBody","posX":35.033843994140625,"posY":86.10167694091797,"sizeX":186.10165,"sizeY":155.25421}]},{"SpritePosX":494,"SpritePosY":0,"SpriteSizeX":247,"SpriteSizeY":247,"BodyPosX":1.93212890625,"BodyPosY":57.62710952758789,"BodySizeX":243.3897705078125,"BodySizeY":188.47454833984375,"rectangles":[{"type":"attackBody","posX":28.0338134765625,"posY":81.35591888427734,"sizeX":200.67792,"sizeY":158.98303}]},{"SpritePosX":741,"SpritePosY":0,"SpriteSizeX":247,"SpriteSizeY":247,"BodyPosX":22.38970947265625,"BodyPosY":53.89829635620117,"BodySizeX":221.69488525390625,"BodySizeY":192.20335388183594,"rectangles":[{"type":"attackBody","posX":37.6439208984375,"posY":75.25422668457031,"sizeX":182.71185,"sizeY":168.47455}]}]}