{"path":"bigBang0.png","spriteNumber":2,"spriteSizeX":247,"spriteSizeY":247,"sprites":[{"SpritePosX":0,"SpritePosY":0,"SpriteSizeX":247,"SpriteSizeY":247,"BodyPosX":0.5769228935241699,"BodyPosY":144.42303466796875,"BodySizeX":28.26922035217285,"BodySizeY":55.192291259765625,"rectangles":[{"type":"attackBody","posX":1.3461533784866333,"posY":156.5384063720703,"sizeX":18.846148,"sizeY":30.961533}]},{"SpritePosX":247,"SpritePosY":0,"SpriteSizeX":247,"SpriteSizeY":247,"BodyPosX":0.3529205322265625,"BodyPosY":133.82350158691406,"BodySizeX":49.11763000488281,"BodySizeY":75.88233947753906,"rectangles":[{"type":"attackBody","posX":1.2352752685546875,"posY":139.7058563232422,"sizeX":47.35292,"sizeY":64.117645}]}]}