{"path":"bigBang1.png","spriteNumber":1,"spriteSizeX":247,"spriteSizeY":247,"sprites":[{"SpritePosX":0,"SpritePosY":0,"SpriteSizeX":247,"SpriteSizeY":247,"BodyPosX":0.6741571426391602,"BodyPosY":136.85389709472656,"BodySizeX":78.65166473388672,"BodySizeY":69.88761901855469,"rectangles":[{"type":"attackBody","posX":1.5730332136154175,"posY":148.53929138183594,"sizeX":56.6292,"sizeY":46.51683}]}]}