{"path":"genkidama1.png","spriteNumber":2,"spriteSizeX":260,"spriteSizeY":260,"sprites":[{"SpritePosX":0,"SpritePosY":0,"SpriteSizeX":260,"SpriteSizeY":260,"BodyPosX":84.68084716796875,"BodyPosY":79.14893341064453,"BodySizeX":95.31913757324219,"BodySizeY":95.31914520263672,"rectangles":[{"type":"attackBody","posX":129.3616943359375,"posY":131.06382751464844,"sizeX":31.67284,"sizeY":-1}]},{"SpritePosX":260,"SpritePosY":0,"SpriteSizeX":260,"SpriteSizeY":260,"BodyPosX":88.0850830078125,"BodyPosY":85.10637664794922,"BodySizeX":85.10638427734375,"BodySizeY":88.0851058959961,"rectangles":[{"type":"attackBody","posX":129.78720092773438,"posY":131.48934936523438,"sizeX":31.664251,"sizeY":-1}]}]}