{"path":"genkidama2.png","spriteNumber":2,"spriteSizeX":260,"spriteSizeY":260,"sprites":[{"SpritePosX":0,"SpritePosY":0,"SpriteSizeX":260,"SpriteSizeY":260,"BodyPosX":58.53658676147461,"BodyPosY":54.63414764404297,"BodySizeX":143.4146270751953,"BodySizeY":145.3658447265625,"rectangles":[{"type":"attackBody","posX":128.2926788330078,"posY":131.7073211669922,"sizeX":61.55819,"sizeY":-1}]},{"SpritePosX":260,"SpritePosY":0,"SpriteSizeX":260,"SpriteSizeY":260,"BodyPosX":61.463409423828125,"BodyPosY":48.29268264770508,"BodySizeX":138.53659057617188,"BodySizeY":156.5853729248047,"rectangles":[{"type":"attackBody","posX":129.756103515625,"posY":130.24391174316406,"sizeX":62.395187,"sizeY":-1}]}]}