{
  "path": "genkidama3.png",
  "spriteNumber": 2,
  "spriteSizeX": 260,
  "spriteSizeY": 260,
  "sprites": [
    {
      "SpritePosX": 0,
      "SpritePosY": 0,
      "SpriteSizeX": 260,
      "SpriteSizeY": 260,
      "BodyPosX": 21.052631378173828,
      "BodyPosY": 22.105262756347656,
      "BodySizeX": 217.36842346191406,
      "BodySizeY": 212.10525512695312,
      "rectangles": [
        {
          "type": "attackBody",
          "posX": 131.57894897460938,
          "posY": 131.05262756347656,
          "sizeX": 95.508545,
          "sizeY": -1
        }
      ]
    },
    {
      "SpritePosX": 260,
      "SpritePosY": 0,
      "SpriteSizeX": 260,
      "SpriteSizeY": 260,
      "BodyPosX": 22.631591796875,
      "BodyPosY": 20.526315689086914,
      "BodySizeX": 215.26315307617188,
      "BodySizeY": 213.6842041015625,
      "rectangles": [
        {
          "type": "attackBody",
          "posX": 131.05264282226562,
          "posY": 131.05262756347656,
          "sizeX": 96.799194,
          "sizeY": -1
        }
      ]
    }
  ]
}