{"path":"megaKameha_body1.png","spriteNumber":1,"spriteSizeX":247,"spriteSizeY":247,"sprites":[{"SpritePosX":0,"SpritePosY":0,"SpriteSizeX":247,"SpriteSizeY":247,"BodyPosX":1.9999992847442627,"BodyPosY":146.90904235839844,"BodySizeX":65.63633728027344,"BodySizeY":60.363616943359375,"rectangles":[]}]}