{"path":"megaKameha_back1.png","spriteNumber":1,"spriteSizeX":247,"spriteSizeY":247,"sprites":[{"SpritePosX":0,"SpritePosY":0,"SpriteSizeX":247,"SpriteSizeY":247,"BodyPosX":14.69879150390625,"BodyPosY":125.3011703491211,"BodySizeX":119.51803588867188,"BodySizeY":107.71082305908203,"rectangles":[]}]}