{"path":"megaKameha_head0.png","spriteNumber":1,"spriteSizeX":247,"spriteSizeY":247,"sprites":[{"SpritePosX":0,"SpritePosY":0,"SpriteSizeX":247,"SpriteSizeY":247,"BodyPosX":0.24096380174160004,"BodyPosY":84.09636688232422,"BodySizeX":91.08431243896484,"BodySizeY":162.65057373046875,"rectangles":[{"type":"attackBody","posX":13.734936714172363,"posY":103.37346649169922,"sizeX":56.385525,"sizeY":131.56622}]}]}