{"path":"megaKameha_head1.png","spriteNumber":1,"spriteSizeX":247,"spriteSizeY":247,"sprites":[{"SpritePosX":0,"SpritePosY":0,"SpriteSizeX":247,"SpriteSizeY":247,"BodyPosX":0,"BodyPosY":120.48189544677734,"BodySizeX":137.59033203125,"BodySizeY":113.97588348388672,"rectangles":[{"type":"attackBody","posX":15.180719375610352,"posY":128.19273376464844,"sizeX":115.42165,"sizeY":97.8313}]}]}