{"path":"megaKameha_body2.png","spriteNumber":4,"spriteSizeX":247,"spriteSizeY":247,"sprites":[{"SpritePosX":0,"SpritePosY":0,"SpriteSizeX":247,"SpriteSizeY":247,"BodyPosX":3.260868549346924,"BodyPosY":149.78256225585938,"BodySizeX":63.043460845947266,"BodySizeY":53.2608642578125,"rectangles":[]},{"SpritePosX":247,"SpritePosY":0,"SpriteSizeX":247,"SpriteSizeY":247,"BodyPosX":2.78253173828125,"BodyPosY":159.56517028808594,"BodySizeX":63.695648193359375,"BodySizeY":34.34782409667969,"rectangles":[]},{"SpritePosX":494,"SpritePosY":0,"SpriteSizeX":247,"SpriteSizeY":247,"BodyPosX":2.5216064453125,"BodyPosY":169.56517028808594,"BodySizeX":64.7825927734375,"BodySizeY":16.739120483398438,"rectangles":[]},{"SpritePosX":741,"SpritePosY":0,"SpriteSizeX":247,"SpriteSizeY":247,"BodyPosX":2.47802734375,"BodyPosY":174.13038635253906,"BodySizeX":64.56524658203125,"BodySizeY":7.6086883544921875,"rectangles":[]}]}