{"path":"megaKameha_back2.png","spriteNumber":4,"spriteSizeX":247,"spriteSizeY":247,"sprites":[{"SpritePosX":0,"SpritePosY":0,"SpriteSizeX":247,"SpriteSizeY":247,"BodyPosX":12.647055625915527,"BodyPosY":135.58819580078125,"BodySizeX":104.9999771118164,"BodySizeY":84.11763000488281,"rectangles":[]},{"SpritePosX":247,"SpritePosY":0,"SpriteSizeX":247,"SpriteSizeY":247,"BodyPosX":23.2940673828125,"BodyPosY":147.94114685058594,"BodySizeX":97.64703369140625,"BodySizeY":61.764678955078125,"rectangles":[]},{"SpritePosX":494,"SpritePosY":0,"SpriteSizeX":247,"SpriteSizeY":247,"BodyPosX":23.35284423828125,"BodyPosY":156.1764373779297,"BodySizeX":84.4117431640625,"BodySizeY":39.99998474121094,"rectangles":[]},{"SpritePosX":741,"SpritePosY":0,"SpriteSizeX":247,"SpriteSizeY":247,"BodyPosX":20.17626953125,"BodyPosY":165.29408264160156,"BodySizeX":84.4117431640625,"BodySizeY":23.529403686523438,"rectangles":[]}]}