{"path":"gokuTouchedSimple.png","spriteNumber":1,"spriteSizeX":247,"spriteSizeY":247,"sprites":[{"SpritePosX":0,"SpritePosY":0,"SpriteSizeX":247,"SpriteSizeY":247,"BodyPosX":0.44943806529045105,"BodyPosY":142.9213104248047,"BodySizeX":91.23593139648438,"BodySizeY":103.8201904296875,"rectangles":[{"type":"defenseBody","posX":1.1235952377319336,"posY":223.82015991210938,"sizeX":18.8764,"sizeY":22.696625},{"type":"defenseBody","posX":60.224700927734375,"posY":219.7752227783203,"sizeX":28.988754,"sizeY":24.49437},{"type":"defenseBody","posX":13.707860946655273,"posY":179.77523803710938,"sizeX":56.629196,"sizeY":39.32582},{"type":"defenseBody","posX":34.15729522705078,"posY":160.22467041015625,"sizeX":33.93257,"sizeY":17.977524}]}]}