{"path":"gokuCharge3.png","spriteNumber":1,"spriteSizeX":247,"spriteSizeY":247,"sprites":[{"SpritePosX":0,"SpritePosY":0,"SpriteSizeX":247,"SpriteSizeY":247,"BodyPosX":0.6896549463272095,"BodyPosY":148.96546936035156,"BodySizeX":88.62065887451172,"BodySizeY":97.75857543945312,"rectangles":[{"type":"defenseBody","posX":0.6896549463272095,"posY":239.482666015625,"sizeX":16.896545,"sizeY":7.241379},{"type":"defenseBody","posX":62.75859832763672,"posY":208.10337829589844,"sizeX":18.275856,"sizeY":36.20688}]}]}