{
  "path": "gokuGenkidama3.png",
  "spriteNumber": 1,
  "spriteSizeX": 247,
  "spriteSizeY": 247,
  "sprites": [
    {
      "SpritePosX": 0,
      "SpritePosY": 0,
      "SpriteSizeX": 247,
      "SpriteSizeY": 247,
      "BodyPosX": 0.4081631302833557,
      "BodyPosY": 141.2244415283203,
      "BodySizeX": 83.4693603515625,
      "BodySizeY": 105.51017761230469,
      "rectangles": [
        {
          "type": "defenseBody",
          "posX": 20.983598709106445,
          "posY": 158.5245361328125,
          "sizeX": 48.03277,
          "sizeY": 54.42621
        },
        {
          "type": "defenseBody",
          "posX": 43.27867126464844,
          "posY": 213.60647583007812,
          "sizeX": 21.803268,
          "sizeY": 30.983597
        },
        {
          "type": "defenseBody",
          "posX": 0.8196718096733093,
          "posY": 222.78680419921875,
          "sizeX": 18.852451,
          "sizeY": 23.606552
        }
      ]
    }
  ]
}