{"path":"gokuKiBlast4.png","spriteNumber":2,"spriteSizeX":247,"spriteSizeY":247,"sprites":[{"SpritePosX":0,"SpritePosY":0,"SpriteSizeX":247,"SpriteSizeY":247,"BodyPosX":0.2105262577533722,"BodyPosY":142.73680114746094,"BodySizeX":86.31576538085938,"BodySizeY":103.99996948242188,"rectangles":[{"type":"defenseBody","posX":0.2105262577533722,"posY":232.6315155029297,"sizeX":18.315784,"sizeY":14.105255},{"type":"defenseBody","posX":62.947349548339844,"posY":229.68414306640625,"sizeX":22.736832,"sizeY":15.368408}]},{"SpritePosX":247,"SpritePosY":0,"SpriteSizeX":247,"SpriteSizeY":247,"BodyPosX":0.5788726806640625,"BodyPosY":149.2631072998047,"BodySizeX":89.26313781738281,"BodySizeY":97.47366333007812,"rectangles":[{"type":"defenseBody","posX":0.5788726806640625,"posY":229.68414306640625,"sizeX":17.052628,"sizeY":16.842102},{"type":"defenseBody","posX":68.36831665039062,"posY":229.0525665283203,"sizeX":20.631592,"sizeY":15.368408}]}]}