{"path":"gokuTranspo1.png","spriteNumber":4,"spriteSizeX":247,"spriteSizeY":247,"sprites":[{"SpritePosX":0,"SpritePosY":0,"SpriteSizeX":247,"SpriteSizeY":247,"BodyPosX":33.58489990234375,"BodyPosY":172.83016967773438,"BodySizeX":15.471698760986328,"BodySizeY":9.4339599609375,"rectangles":[]},{"SpritePosX":247,"SpritePosY":0,"SpriteSizeX":247,"SpriteSizeY":247,"BodyPosX":4.3207244873046875,"BodyPosY":170.18865966796875,"BodySizeX":18.490554809570312,"BodySizeY":15.84906005859375,"rectangles":[]},{"SpritePosX":494,"SpritePosY":0,"SpriteSizeX":247,"SpriteSizeY":247,"BodyPosX":18.83013916015625,"BodyPosY":155.84902954101562,"BodySizeX":10.5660400390625,"BodySizeY":12.8302001953125,"rectangles":[]},{"SpritePosX":741,"SpritePosY":0,"SpriteSizeX":247,"SpriteSizeY":247,"BodyPosX":0.88671875,"BodyPosY":158.49053955078125,"BodySizeX":6.41510009765625,"BodySizeY":9.056610107421875,"rectangles":[]}]}