{"path":"gokuCharge1.png","spriteNumber":2,"spriteSizeX":247,"spriteSizeY":247,"sprites":[{"SpritePosX":0,"SpritePosY":0,"SpriteSizeX":247,"SpriteSizeY":247,"BodyPosX":0.5633801221847534,"BodyPosY":149.01405334472656,"BodySizeX":88.73237609863281,"BodySizeY":97.46475219726562,"rectangles":[{"type":"defenseBody","posX":1.1214948892593384,"posY":235.8877716064453,"sizeX":16.261677,"sizeY":10.467285},{"type":"defenseBody","posX":62.61680221557617,"posY":208.41114807128906,"sizeX":19.626163,"sizeY":36.074753}]},{"SpritePosX":247,"SpritePosY":0,"SpriteSizeX":247,"SpriteSizeY":247,"BodyPosX":0.289642333984375,"BodyPosY":151.40182495117188,"BodySizeX":89.7196044921875,"BodySizeY":95.51397705078125,"rectangles":[{"type":"defenseBody","posX":0.8503875732421875,"posY":237.19618225097656,"sizeX":16.448593,"sizeY":9.1588745},{"type":"defenseBody","posX":62.345703125,"posY":211.02796936035156,"sizeX":19.0654,"sizeY":33.27101}]}]}