{"path":"gokuRushAttack3.png","spriteNumber":1,"spriteSizeX":247,"spriteSizeY":247,"sprites":[{"SpritePosX":0,"SpritePosY":0,"SpriteSizeX":247,"SpriteSizeY":247,"BodyPosX":0.2597401738166809,"BodyPosY":144.93502807617188,"BodySizeX":94.54542541503906,"BodySizeY":101.81814575195312,"rectangles":[{"type":"defenseBody","posX":1.0389606952667236,"posY":234.28564453125,"sizeX":19.999994,"sizeY":11.688309},{"type":"defenseBody","posX":65.71426391601562,"posY":228.8311004638672,"sizeX":21.818176,"sizeY":15.3246765}]}]}