{"path":"gokuRushAttack1.png","spriteNumber":2,"spriteSizeX":247,"spriteSizeY":247,"sprites":[{"SpritePosX":0,"SpritePosY":0,"SpriteSizeX":247,"SpriteSizeY":247,"BodyPosX":0,"BodyPosY":140.63153076171875,"BodySizeX":87.57891845703125,"BodySizeY":105.89471435546875,"rectangles":[{"type":"defenseBody","posX":0.8421050310134888,"posY":239.9999237060547,"sizeX":18.315783,"sizeY":5.894745},{"type":"defenseBody","posX":69.26313781738281,"posY":236.4209747314453,"sizeX":17.684204,"sizeY":8}]},{"SpritePosX":247,"SpritePosY":0,"SpriteSizeX":247,"SpriteSizeY":247,"BodyPosX":0.1578216552734375,"BodyPosY":148.63153076171875,"BodySizeX":83.99998474121094,"BodySizeY":98.10523986816406,"rectangles":[{"type":"defenseBody","posX":0.9999237060546875,"posY":214.3157196044922,"sizeX":21.89473,"sizeY":32.210526},{"type":"defenseBody","posX":63.526214599609375,"posY":232.6315155029297,"sizeX":19.78949,"sizeY":11.789459}]}]}