{"path":"gokuRushAttack3.png","spriteNumber":1,"spriteSizeX":247,"spriteSizeY":0,"sprites":[{"SpritePosX":0,"SpritePosY":0,"SpriteSizeX":247,"SpriteSizeY":247,"BodyPosX":0.2597401738166809,"BodyPosY":144.93502807617188,"BodySizeX":94.54542541503906,"BodySizeY":101.81814575195312,"rectangles":[{"type":"defenseBody","posX":59.252315521240234,"posY":154.5793914794922,"sizeX":26.168217,"sizeY":89.71959},{"type":"defenseBody","posX":0.9345791339874268,"posY":221.49525451660156,"sizeX":20.373825,"sizeY":24.672882},{"type":"defenseBody","posX":25.2336368560791,"posY":209.5326385498047,"sizeX":33.831764,"sizeY":17.196259},{"type":"defenseBody","posX":42.056060791015625,"posY":160.56069946289062,"sizeX":16.448593,"sizeY":48.411194}]}]}