{"path":"gokuTouchedFlip.png","spriteNumber":4,"spriteSizeX":247,"spriteSizeY":247,"sprites":[{"SpritePosX":0,"SpritePosY":0,"SpriteSizeX":247,"SpriteSizeY":247,"BodyPosX":0.46511614322662354,"BodyPosY":171.16275024414062,"BodySizeX":121.16275787353516,"BodySizeY":75.58137512207031,"rectangles":[{"type":"defenseBody","posX":1.1627904176712036,"posY":183.25576782226562,"sizeX":117.906944,"sizeY":58.60463}]},{"SpritePosX":247,"SpritePosY":0,"SpriteSizeX":247,"SpriteSizeY":247,"BodyPosX":0.674346923828125,"BodyPosY":167.67437744140625,"BodySizeX":120.465087890625,"BodySizeY":79.06974792480469,"rectangles":[{"type":"defenseBody","posX":10.90692138671875,"posY":185.5813446044922,"sizeX":107.44183,"sizeY":49.767426}]},{"SpritePosX":494,"SpritePosY":0,"SpriteSizeX":247,"SpriteSizeY":247,"BodyPosX":0.1859130859375,"BodyPosY":179.9999542236328,"BodySizeX":117.20928955078125,"BodySizeY":66.74417114257812,"rectangles":[{"type":"defenseBody","posX":1.11614990234375,"posY":188.1394805908203,"sizeX":114.65112,"sizeY":52.790695}]},{"SpritePosX":741,"SpritePosY":0,"SpriteSizeX":247,"SpriteSizeY":247,"BodyPosX":0.627685546875,"BodyPosY":171.16275024414062,"BodySizeX":130,"BodySizeY":75.58137512207031,"rectangles":[{"type":"defenseBody","posX":4.5811767578125,"posY":196.27902221679688,"sizeX":117.90698,"sizeY":44.651154}]}]}