{"path":"gokuTranspo2.png","spriteNumber":2,"spriteSizeX":247,"spriteSizeY":247,"sprites":[{"SpritePosX":0,"SpritePosY":0,"SpriteSizeX":247,"SpriteSizeY":247,"BodyPosX":31.891883850097656,"BodyPosY":165.1350860595703,"BodySizeX":21.62161636352539,"BodySizeY":17.027023315429688,"rectangles":[]},{"SpritePosX":247,"SpritePosY":0,"SpriteSizeX":247,"SpriteSizeY":247,"BodyPosX":1.1080474853515625,"BodyPosY":129.99996948242188,"BodySizeX":82.16212463378906,"BodySizeY":116.4864501953125,"rectangles":[{"type":"defenseBody","posX":20.026947021484375,"posY":193.51345825195312,"sizeX":17.83783,"sizeY":52.162155},{"type":"defenseBody","posX":41.6485595703125,"posY":182.97293090820312,"sizeX":13.243256,"sizeY":34.32431},{"type":"defenseBody","posX":56.78369140625,"posY":186.75669860839844,"sizeX":12.16217,"sizeY":18.108109}]}]}