{"path":"gokuKiCharge3.png","spriteNumber":1,"spriteSizeX":247,"spriteSizeY":247,"sprites":[{"SpritePosX":0,"SpritePosY":0,"SpriteSizeX":247,"SpriteSizeY":247,"BodyPosX":0.5172411799430847,"BodyPosY":144.31028747558594,"BodySizeX":90.51720428466797,"BodySizeY":102.586181640625,"rectangles":[{"type":"defenseBody","posX":21.724130630493164,"posY":164.82752990722656,"sizeX":57.241364,"sizeY":55.517212},{"type":"defenseBody","posX":62.241355895996094,"posY":220.8619842529297,"sizeX":19.137924,"sizeY":23.620682},{"type":"defenseBody","posX":2.413792133331299,"posY":222.06887817382812,"sizeX":19.82758,"sizeY":24.137924}]}]}