{"path":"kameha_head1.png","spriteNumber":2,"spriteSizeX":247,"spriteSizeY":0,"sprites":[{"SpritePosX":0,"SpritePosY":0,"SpriteSizeX":247,"SpriteSizeY":247,"BodyPosX":0,"BodyPosY":140.54049682617188,"BodySizeX":71.08106231689453,"BodySizeY":74.86485290527344,"rectangles":[{"type":"attackBody","posX":0,"posY":141.62158203125,"sizeX":69.18917,"sizeY":72.70268}]},{"SpritePosX":247,"SpritePosY":0,"SpriteSizeX":247,"SpriteSizeY":247,"BodyPosX":-247,"BodyPosY":140.54049682617188,"BodySizeX":81.08106231689453,"BodySizeY":74.86485290527344,"rectangles":[{"type":"attackBody","posX":0,"posY":141.62158203125,"sizeX":69.18917,"sizeY":72.70268}]}]}