{"path":"kiBlast.png","spriteNumber":2,"spriteSizeX":247,"spriteSizeY":0,"sprites":[{"SpritePosX":0,"SpritePosY":0,"SpriteSizeX":247,"SpriteSizeY":247,"BodyPosX":0.44943806529045105,"BodyPosY":205.16848754882812,"BodySizeX":95.95502471923828,"BodySizeY":41.7977294921875,"rectangles":[{"type":"attackBody","posX":46.06740188598633,"posY":209.2134246826172,"sizeX":47.190998,"sizeY":35.280884}]},{"SpritePosX":247,"SpritePosY":0,"SpriteSizeX":247,"SpriteSizeY":247,"BodyPosX":0.4156646728515625,"BodyPosY":206.06735229492188,"BodySizeX":89.66288757324219,"BodySizeY":40.89886474609375,"rectangles":[{"type":"attackBody","posX":46.9324951171875,"posY":210.1123046875,"sizeX":40.674164,"sizeY":34.382004}]}]}