{"path":"gokuFALL.png","spriteNumber":1,"spriteSizeX":42,"spriteSizeY":70,"sprites":[{"centerX":21,"centerY":35,"posX":0,"posY":0,"sizeX":42,"sizeY":70,"rectangles":[{"type":"defenseBody","posX":10.013590812683105,"posY":62.63016891479492,"sizeX":5.106386,"sizeY":5.957447},{"type":"defenseBody","posX":21.928489685058594,"posY":50.07697296142578,"sizeX":3.6170235,"sizeY":4.4680862}]}]}