{
  "path": "gokuRUSH.png",
  "spriteNumber": 2,
  "spriteSizeX": 65,
  "spriteSizeY": 70,
  "sprites": [
    {
      "centerX": 32.5,
      "centerY": 35,
      "posX": 0,
      "posY": 0,
      "sizeX": 65,
      "sizeY": 70,
      "rectangles": [
        {
          "type": "defenseBody",
          "posX": 34.04256820678711,
          "posY": 66.17024230957031,
          "sizeX": 9.574474,
          "sizeY": 2.9787216
        }
      ]
    },
    {
      "centerX": 32.5,
      "centerY": 35,
      "posX": 65,
      "posY": 0,
      "sizeX": 65,
      "sizeY": 70,
      "rectangles": [
        {
          "type": "defenseBody",
          "posX": 35.425575256347656,
          "posY": 66.17024230957031,
          "sizeX": 10.212769,
          "sizeY": 2.9787216
        }
      ]
    }
  ]
}