{"path":"gokuFall.png","spriteNumber":1,"spriteSizeX":247,"spriteSizeY":247,"sprites":[{"SpritePosX":0,"SpritePosY":0,"SpriteSizeX":247,"SpriteSizeY":247,"BodyPosX":0.2702701985836029,"BodyPosY":118.91888427734375,"BodySizeX":82.97294616699219,"BodySizeY":127.83779907226562,"rectangles":[{"type":"defenseBody","posX":19.189184188842773,"posY":234.3242645263672,"sizeX":10.2702675,"sizeY":11.351349},{"type":"defenseBody","posX":69.18917083740234,"posY":170.81076049804688,"sizeX":11.351349,"sizeY":11.351349},{"type":"defenseBody","posX":1.0810807943344116,"posY":155.67562866210938,"sizeX":15.135131,"sizeY":12.432434}]}]}