{"path":"gokuHandAttack2.png","spriteNumber":2,"spriteSizeX":247,"spriteSizeY":247,"sprites":[{"SpritePosX":0,"SpritePosY":0,"SpriteSizeX":247,"SpriteSizeY":247,"BodyPosX":0.3960394859313965,"BodyPosY":142.97024536132812,"BodySizeX":86.53462219238281,"BodySizeY":103.96037292480469,"rectangles":[{"type":"defenseBody","posX":1.1612898111343384,"posY":228.25796508789062,"sizeX":13.419349,"sizeY":17.548386},{"type":"defenseBody","posX":65.29029083251953,"posY":232.25796508789062,"sizeX":17.548386,"sizeY":11.741928}]},{"SpritePosX":247,"SpritePosY":0,"SpriteSizeX":247,"SpriteSizeY":247,"BodyPosX":0.354736328125,"BodyPosY":149.29025268554688,"BodySizeX":127.48382568359375,"BodySizeY":97.54835510253906,"rectangles":[{"type":"defenseBody","posX":0.8708648681640625,"posY":236.38699340820312,"sizeX":9.935471,"sizeY":9.419357},{"type":"defenseBody","posX":61.386962890625,"posY":232.38699340820312,"sizeX":15.354828,"sizeY":11.2258}]}]}