{"path":"gokuRush.png","spriteNumber":2,"spriteSizeX":247,"spriteSizeY":247,"sprites":[{"SpritePosX":0,"SpritePosY":0,"SpriteSizeX":247,"SpriteSizeY":247,"BodyPosX":0.5769228935241699,"BodyPosY":163.84609985351562,"BodySizeX":127.30765533447266,"BodySizeY":82.88458251953125,"rectangles":[{"type":"defenseBody","posX":42.30767822265625,"posY":229.8076171875,"sizeX":48.461525,"sizeY":16.15384}]},{"SpritePosX":247,"SpritePosY":0,"SpriteSizeX":247,"SpriteSizeY":247,"BodyPosX":0.4999237060546875,"BodyPosY":166.5384063720703,"BodySizeX":127.30763244628906,"BodySizeY":80.19227600097656,"rectangles":[{"type":"defenseBody","posX":36.8460693359375,"posY":232.4999237060547,"sizeX":49.99997,"sizeY":13.461533}]}]}