{"path":"finalFlash_head.png","spriteNumber":1,"spriteSizeX":247,"spriteSizeY":247,"sprites":[{"SpritePosX":0,"SpritePosY":0,"SpriteSizeX":247,"SpriteSizeY":247,"BodyPosX":0.7228913903236389,"BodyPosY":134.45779418945312,"BodySizeX":84.57829284667969,"BodySizeY":106.26502990722656,"rectangles":[{"type":"attackBody","posX":1.686746597290039,"posY":140.4818878173828,"sizeX":80.240944,"sizeY":98.5542}]}]}