{"path":"finalFlash_back3.png","spriteNumber":3,"spriteSizeX":247,"spriteSizeY":247,"sprites":[{"SpritePosX":0,"SpritePosY":0,"SpriteSizeX":247,"SpriteSizeY":247,"BodyPosX":112,"BodyPosY":182.85714721679688,"BodySizeX":21.714279174804688,"BodySizeY":17.714279174804688,"rectangles":[]},{"SpritePosX":247,"SpritePosY":0,"SpriteSizeX":247,"SpriteSizeY":247,"BodyPosX":106.71429443359375,"BodyPosY":182.85714721679688,"BodySizeX":24,"BodySizeY":13.714279174804688,"rectangles":[]},{"SpritePosX":494,"SpritePosY":0,"SpriteSizeX":247,"SpriteSizeY":247,"BodyPosX":106,"BodyPosY":178.85714721679688,"BodySizeX":20,"BodySizeY":19.428573608398438,"rectangles":[]}]}