{"path":"finalFlash_back2.png","spriteNumber":1,"spriteSizeX":247,"spriteSizeY":247,"sprites":[{"SpritePosX":0,"SpritePosY":0,"SpriteSizeX":247,"SpriteSizeY":247,"BodyPosX":84.70586395263672,"BodyPosY":136.1764373779297,"BodySizeX":58.529396057128906,"BodySizeY":96.76467895507812,"rectangles":[]}]}