{"path":"finalFlash_back1.png","spriteNumber":2,"spriteSizeX":247,"spriteSizeY":247,"sprites":[{"SpritePosX":0,"SpritePosY":0,"SpriteSizeX":247,"SpriteSizeY":247,"BodyPosX":103.8709487915039,"BodyPosY":173.22576904296875,"BodySizeX":34.19353485107422,"BodySizeY":32.903228759765625,"rectangles":[]},{"SpritePosX":247,"SpritePosY":0,"SpriteSizeX":247,"SpriteSizeY":247,"BodyPosX":100.74185180664062,"BodyPosY":173.22576904296875,"BodySizeX":33.8709716796875,"BodySizeY":29.354843139648438,"rectangles":[]}]}