{"path":"kameha_back1.png","spriteNumber":2,"spriteSizeX":247,"spriteSizeY":247,"sprites":[{"SpritePosX":0,"SpritePosY":0,"SpriteSizeX":247,"SpriteSizeY":247,"BodyPosX":1.2307689189910889,"BodyPosY":137.23074340820312,"BodySizeX":75.07691192626953,"BodySizeY":81.84613037109375,"rectangles":[]},{"SpritePosX":247,"SpritePosY":0,"SpriteSizeX":247,"SpriteSizeY":247,"BodyPosX":0.6922607421875,"BodyPosY":133.84613037109375,"BodySizeX":74.15380859375,"BodySizeY":84.30766296386719,"rectangles":[]}]}