{"path":"kameha_body1.png","spriteNumber":2,"spriteSizeX":247,"spriteSizeY":247,"sprites":[{"SpritePosX":0,"SpritePosY":0,"SpriteSizeX":247,"SpriteSizeY":247,"BodyPosX":0.7228913903236389,"BodyPosY":151.56622314453125,"BodySizeX":65.54215240478516,"BodySizeY":53.01203918457031,"rectangles":[]},{"SpritePosX":247,"SpritePosY":0,"SpriteSizeX":247,"SpriteSizeY":247,"BodyPosX":0.469818115234375,"BodyPosY":153.97586059570312,"BodySizeX":67.4698486328125,"BodySizeY":49.6385498046875,"rectangles":[]}]}