{"path":"kameha_head0.png","spriteNumber":2,"spriteSizeX":247,"spriteSizeY":247,"sprites":[{"SpritePosX":0,"SpritePosY":0,"SpriteSizeX":247,"SpriteSizeY":247,"BodyPosX":0.4210525155067444,"BodyPosY":163.36837768554688,"BodySizeX":42.52630615234375,"BodySizeY":83.15786743164062,"rectangles":[]},{"SpritePosX":247,"SpritePosY":0,"SpriteSizeX":247,"SpriteSizeY":247,"BodyPosX":0.36834716796875,"BodyPosY":117.05259704589844,"BodySizeX":65.6842041015625,"BodySizeY":129.68417358398438,"rectangles":[]}]}