{"path":"kameha_back2.png","spriteNumber":4,"spriteSizeX":247,"spriteSizeY":247,"sprites":[{"SpritePosX":0,"SpritePosY":0,"SpriteSizeX":247,"SpriteSizeY":247,"BodyPosX":0.2597401738166809,"BodyPosY":147.012939453125,"BodySizeX":71.68828582763672,"BodySizeY":67.27272033691406,"rectangles":[]},{"SpritePosX":247,"SpritePosY":0,"SpriteSizeX":247,"SpriteSizeY":247,"BodyPosX":0.2726593017578125,"BodyPosY":154.54541015625,"BodySizeX":72.72724914550781,"BodySizeY":51.68829345703125,"rectangles":[]},{"SpritePosX":494,"SpritePosY":0,"SpriteSizeX":247,"SpriteSizeY":247,"BodyPosX":0.545318603515625,"BodyPosY":161.5583953857422,"BodySizeX":79.74020385742188,"BodySizeY":36.62336730957031,"rectangles":[]},{"SpritePosX":741,"SpritePosY":0,"SpriteSizeX":247,"SpriteSizeY":247,"BodyPosX":1.07769775390625,"BodyPosY":170.90904235839844,"BodySizeX":72.727294921875,"BodySizeY":18.961029052734375,"rectangles":[]}]}