{"path":"kameha_body2.png","spriteNumber":4,"spriteSizeX":247,"spriteSizeY":247,"sprites":[{"SpritePosX":0,"SpritePosY":0,"SpriteSizeX":247,"SpriteSizeY":247,"BodyPosX":0.5940592288970947,"BodyPosY":158.81182861328125,"BodySizeX":65.94056701660156,"BodySizeY":42.97029113769531,"rectangles":[]},{"SpritePosX":247,"SpritePosY":0,"SpriteSizeX":247,"SpriteSizeY":247,"BodyPosX":0.32666015625,"BodyPosY":164.5543975830078,"BodySizeX":65.9405517578125,"BodySizeY":31.089111328125,"rectangles":[]},{"SpritePosX":494,"SpritePosY":0,"SpriteSizeX":247,"SpriteSizeY":247,"BodyPosX":0.455291748046875,"BodyPosY":168.7128143310547,"BodySizeX":65.74252319335938,"BodySizeY":22.77227783203125,"rectangles":[]},{"SpritePosX":741,"SpritePosY":0,"SpriteSizeX":247,"SpriteSizeY":247,"BodyPosX":0.78192138671875,"BodyPosY":174.85142517089844,"BodySizeX":64.95050048828125,"BodySizeY":10.297027587890625,"rectangles":[]}]}