{"path":"vegetaTouchedProjected.png","spriteNumber":1,"spriteSizeX":0,"spriteSizeY":0,"sprites":[{"SpritePosX":0,"SpritePosY":0,"SpriteSizeX":247,"SpriteSizeY":247,"BodyPosX":0.5940592288970947,"BodyPosY":153.66331481933594,"BodySizeX":79.00987243652344,"BodySizeY":92.87126159667969,"rectangles":[{"type":"defenseBody","posX":5.544552803039551,"posY":166.13856506347656,"sizeX":27.722763,"sizeY":30.49504},{"type":"defenseBody","posX":33.86137390136719,"posY":174.45538330078125,"sizeX":42.178207,"sizeY":25.544556},{"type":"defenseBody","posX":27.532459259033203,"posY":199.48046875,"sizeX":43.63635,"sizeY":46.493484}]}]}