{"path":"vegetaFall.png","spriteNumber":1,"spriteSizeX":247,"spriteSizeY":247,"sprites":[{"SpritePosX":0,"SpritePosY":0,"SpriteSizeX":247,"SpriteSizeY":247,"BodyPosX":0.35398218035697937,"BodyPosY":130.79641723632812,"BodySizeX":76.28315734863281,"BodySizeY":115.75216674804688,"rectangles":[{"type":"defenseBody","posX":22.123886108398438,"posY":183.36276245117188,"sizeX":12.389378,"sizeY":58.761047},{"type":"defenseBody","posX":35.752201080322266,"posY":185.30966186523438,"sizeX":19.115036,"sizeY":19.115051},{"type":"defenseBody","posX":3.5398218631744385,"posY":158.05303955078125,"sizeX":69.3805,"sizeY":22.300873},{"type":"defenseBody","posX":28.849546432495117,"posY":144.95570373535156,"sizeX":23.00884,"sizeY":12.920349}]}]}