{"path":"vegetaTouchedFlip.png","spriteNumber":4,"spriteSizeX":247,"spriteSizeY":247,"sprites":[{"SpritePosX":0,"SpritePosY":0,"SpriteSizeX":247,"SpriteSizeY":247,"BodyPosX":0.1869158297777176,"BodyPosY":170.841064453125,"BodySizeX":121.1214599609375,"BodySizeY":75.8878173828125,"rectangles":[{"type":"defenseBody","posX":1.6822423934936523,"posY":190.65414428710938,"sizeX":109.9065,"sizeY":47.66353}]},{"SpritePosX":247,"SpritePosY":0,"SpriteSizeX":247,"SpriteSizeY":247,"BodyPosX":0.10272216796875,"BodyPosY":166.35508728027344,"BodySizeX":123.55136108398438,"BodySizeY":73.27099609375,"rectangles":[{"type":"defenseBody","posX":6.644775390625,"posY":189.90647888183594,"sizeX":113.084076,"sizeY":37.94391}]},{"SpritePosX":494,"SpritePosY":0,"SpriteSizeX":247,"SpriteSizeY":247,"BodyPosX":0.57928466796875,"BodyPosY":159.8130340576172,"BodySizeX":129.34576416015625,"BodySizeY":82.99061584472656,"rectangles":[{"type":"defenseBody","posX":6.3736572265625,"posY":188.5980682373047,"sizeX":115.14014,"sizeY":43.17755}]},{"SpritePosX":741,"SpritePosY":0,"SpriteSizeX":247,"SpriteSizeY":247,"BodyPosX":0.30816650390625,"BodyPosY":167.85040283203125,"BodySizeX":130.0933837890625,"BodySizeY":71.77568054199219,"rectangles":[{"type":"defenseBody","posX":8.15863037109375,"posY":184.11209106445312,"sizeX":113.084045,"sizeY":43.738297}]}]}