{"path":"vegetaTouchedFall.png","spriteNumber":1,"spriteSizeX":247,"spriteSizeY":0,"sprites":[{"SpritePosX":0,"SpritePosY":0,"SpriteSizeX":247,"SpriteSizeY":247,"BodyPosX":0.7272724509239197,"BodyPosY":184.90902709960938,"BodySizeX":113.09087371826172,"BodySizeY":61.63633728027344,"rectangles":[{"type":"defenseBody","posX":7.636361122131348,"posY":200.18174743652344,"sizeX":31.272717,"sizeY":23.636353},{"type":"defenseBody","posX":41.99998474121094,"posY":195.818115234375,"sizeX":41.45453,"sizeY":25.999985},{"type":"defenseBody","posX":85.27269744873047,"posY":203.9999237060547,"sizeX":27.999992,"sizeY":16.545456},{"type":"defenseBody","posX":74.28569030761719,"posY":222.3528594970703,"sizeX":18.823517,"sizeY":24.0336}]}]}