{"path":"vegetaFall.png","spriteNumber":1,"spriteSizeX":247,"spriteSizeY":0,"sprites":[{"SpritePosX":0,"SpritePosY":0,"SpriteSizeX":247,"SpriteSizeY":247,"BodyPosX":0.5940592288970947,"BodyPosY":129.10887145996094,"BodySizeX":75.44551849365234,"BodySizeY":117.82174682617188,"rectangles":[{"type":"defenseBody","posX":1.9801974296569824,"posY":163.7623291015625,"sizeX":73.465324,"sizeY":20.792068},{"type":"defenseBody","posX":26.93068504333496,"posY":150.69302368164062,"sizeX":26.336626,"sizeY":12.277222},{"type":"defenseBody","posX":24.15840721130371,"posY":188.7128143310547,"sizeX":31.881178,"sizeY":20.198013},{"type":"defenseBody","posX":20.40267562866211,"posY":211.9462127685547,"sizeX":12.21476,"sizeY":34.63086}]}]}