{"path":"vegetaTouchedProjected.png","spriteNumber":1,"spriteSizeX":0,"spriteSizeY":0,"sprites":[{"SpritePosX":0,"SpritePosY":0,"SpriteSizeX":247,"SpriteSizeY":247,"BodyPosX":0.5940592288970947,"BodyPosY":153.66331481933594,"BodySizeX":79.00987243652344,"BodySizeY":92.87126159667969,"rectangles":[{"type":"defenseBody","posX":5.544552803039551,"posY":166.13856506347656,"sizeX":27.722763,"sizeY":30.49504},{"type":"defenseBody","posX":33.875606536865234,"posY":173.39718627929688,"sizeX":39.425854,"sizeY":32.822968},{"type":"defenseBody","posX":47.27273941040039,"posY":206.8900146484375,"sizeX":22.392353,"sizeY":29.473694},{"type":"defenseBody","posX":27.846899032592773,"posY":208.22972106933594,"sizeX":19.330149,"sizeY":38.18184}]}]}