{"path":"vegetaBlock.png","spriteNumber":1,"spriteSizeX":247,"spriteSizeY":0,"sprites":[{"SpritePosX":0,"SpritePosY":0,"SpriteSizeX":247,"SpriteSizeY":247,"BodyPosX":0.44943806529045105,"BodyPosY":139.10108947753906,"BodySizeX":67.41571044921875,"BodySizeY":107.64041137695312,"rectangles":[{"type":"blockBody","posX":12.134827613830566,"posY":159.55052185058594,"sizeX":41.79774,"sizeY":86.51683}]}]}