{"path":"vegetaHandFly4.png","spriteNumber":1,"spriteSizeX":247,"spriteSizeY":247,"sprites":[{"SpritePosX":0,"SpritePosY":0,"SpriteSizeX":247,"SpriteSizeY":247,"BodyPosX":0.3278687298297882,"BodyPosY":125.08191680908203,"BodySizeX":89.01636505126953,"BodySizeY":121.6393051147461,"rectangles":[{"type":"defenseBody","posX":15.901633262634277,"posY":203.60647583007812,"sizeX":18.852451,"sizeY":42.950806},{"type":"defenseBody","posX":37.04916763305664,"posY":190.98353576660156,"sizeX":22.459007,"sizeY":37.213104},{"type":"defenseBody","posX":3.934424638748169,"posY":160.65567016601562,"sizeX":83.60652,"sizeY":28.032791},{"type":"defenseBody","posX":30.819660186767578,"posY":142.78683471679688,"sizeX":22.950813,"sizeY":17.213104}]}]}